Date,Time,Platform,Content Type,Topic/Theme,Caption Preview,Media Requirements,Hashtags,Call-to-Action,Status,Performance Goal
2025-06-17,12:00 PM,Instagram,Post,Sample Theme,Sample caption preview...,Image/Video description,#hashtag1 #hashtag2,Sample CTA,Draft,100 engagements
2025-06-17,12:00 PM,Facebook,Post,Sample Theme,Sample caption preview...,Image/Video description,#hashtag1 #hashtag2,Sample CTA,Draft,100 engagements
2025-06-17,12:00 PM,Twitter,Post,Sample Theme,Sample caption preview...,Image/Video description,#hashtag1 #hashtag2,Sample CTA,Draft,100 engagements
2025-06-17,12:00 PM,Linkedin,Post,Sample Theme,Sample caption preview...,Image/Video description,#hashtag1 #hashtag2,Sample CTA,Draft,100 engagements
2025-06-18,12:00 PM,Instagram,Post,Sample Theme,Sample caption preview...,Image/Video description,#hashtag1 #hashtag2,Sample CTA,Draft,100 engagements
2025-06-18,12:00 PM,Facebook,Post,Sample Theme,Sample caption preview...,Image/Video description,#hashtag1 #hashtag2,Sample CTA,Draft,100 engagements
2025-06-18,12:00 PM,Twitter,Post,Sample Theme,Sample caption preview...,Image/Video description,#hashtag1 #hashtag2,Sample CTA,Draft,100 engagements
2025-06-18,12:00 PM,Linkedin,Post,Sample Theme,Sample caption preview...,Image/Video description,#hashtag1 #hashtag2,Sample CTA,Draft,100 engagements
2025-06-19,12:00 PM,Instagram,Post,Sample Theme,Sample caption preview...,Image/Video description,#hashtag1 #hashtag2,Sample CTA,Draft,100 engagements
2025-06-19,12:00 PM,Facebook,Post,Sample Theme,Sample caption preview...,Image/Video description,#hashtag1 #hashtag2,Sample CTA,Draft,100 engagements
2025-06-19,12:00 PM,Twitter,Post,Sample Theme,Sample caption preview...,Image/Video description,#hashtag1 #hashtag2,Sample CTA,Draft,100 engagements
2025-06-19,12:00 PM,Linkedin,Post,Sample Theme,Sample caption preview...,Image/Video description,#hashtag1 #hashtag2,Sample CTA,Draft,100 engagements
2025-06-20,12:00 PM,Instagram,Post,Sample Theme,Sample caption preview...,Image/Video description,#hashtag1 #hashtag2,Sample CTA,Draft,100 engagements
2025-06-20,12:00 PM,Facebook,Post,Sample Theme,Sample caption preview...,Image/Video description,#hashtag1 #hashtag2,Sample CTA,Draft,100 engagements
2025-06-20,12:00 PM,Twitter,Post,Sample Theme,Sample caption preview...,Image/Video description,#hashtag1 #hashtag2,Sample CTA,Draft,100 engagements
2025-06-20,12:00 PM,Linkedin,Post,Sample Theme,Sample caption preview...,Image/Video description,#hashtag1 #hashtag2,Sample CTA,Draft,100 engagements
2025-06-21,12:00 PM,Instagram,Post,Sample Theme,Sample caption preview...,Image/Video description,#hashtag1 #hashtag2,Sample CTA,Draft,100 engagements
2025-06-21,12:00 PM,Facebook,Post,Sample Theme,Sample caption preview...,Image/Video description,#hashtag1 #hashtag2,Sample CTA,Draft,100 engagements
2025-06-21,12:00 PM,Twitter,Post,Sample Theme,Sample caption preview...,Image/Video description,#hashtag1 #hashtag2,Sample CTA,Draft,100 engagements
2025-06-21,12:00 PM,Linkedin,Post,Sample Theme,Sample caption preview...,Image/Video description,#hashtag1 #hashtag2,Sample CTA,Draft,100 engagements
2025-06-22,12:00 PM,Instagram,Post,Sample Theme,Sample caption preview...,Image/Video description,#hashtag1 #hashtag2,Sample CTA,Draft,100 engagements
2025-06-22,12:00 PM,Facebook,Post,Sample Theme,Sample caption preview...,Image/Video description,#hashtag1 #hashtag2,Sample CTA,Draft,100 engagements
2025-06-22,12:00 PM,Twitter,Post,Sample Theme,Sample caption preview...,Image/Video description,#hashtag1 #hashtag2,Sample CTA,Draft,100 engagements
2025-06-22,12:00 PM,Linkedin,Post,Sample Theme,Sample caption preview...,Image/Video description,#hashtag1 #hashtag2,Sample CTA,Draft,100 engagements
2025-06-23,12:00 PM,Instagram,Post,Sample Theme,Sample caption preview...,Image/Video description,#hashtag1 #hashtag2,Sample CTA,Draft,100 engagements
2025-06-23,12:00 PM,Facebook,Post,Sample Theme,Sample caption preview...,Image/Video description,#hashtag1 #hashtag2,Sample CTA,Draft,100 engagements
2025-06-23,12:00 PM,Twitter,Post,Sample Theme,Sample caption preview...,Image/Video description,#hashtag1 #hashtag2,Sample CTA,Draft,100 engagements
2025-06-23,12:00 PM,Linkedin,Post,Sample Theme,Sample caption preview...,Image/Video description,#hashtag1 #hashtag2,Sample CTA,Draft,100 engagements
2025-06-24,12:00 PM,Instagram,Post,Sample Theme,Sample caption preview...,Image/Video description,#hashtag1 #hashtag2,Sample CTA,Draft,100 engagements
2025-06-24,12:00 PM,Facebook,Post,Sample Theme,Sample caption preview...,Image/Video description,#hashtag1 #hashtag2,Sample CTA,Draft,100 engagements
2025-06-24,12:00 PM,Twitter,Post,Sample Theme,Sample caption preview...,Image/Video description,#hashtag1 #hashtag2,Sample CTA,Draft,100 engagements
2025-06-24,12:00 PM,Linkedin,Post,Sample Theme,Sample caption preview...,Image/Video description,#hashtag1 #hashtag2,Sample CTA,Draft,100 engagements
2025-06-25,12:00 PM,Instagram,Post,Sample Theme,Sample caption preview...,Image/Video description,#hashtag1 #hashtag2,Sample CTA,Draft,100 engagements
2025-06-25,12:00 PM,Facebook,Post,Sample Theme,Sample caption preview...,Image/Video description,#hashtag1 #hashtag2,Sample CTA,Draft,100 engagements
2025-06-25,12:00 PM,Twitter,Post,Sample Theme,Sample caption preview...,Image/Video description,#hashtag1 #hashtag2,Sample CTA,Draft,100 engagements
2025-06-25,12:00 PM,Linkedin,Post,Sample Theme,Sample caption preview...,Image/Video description,#hashtag1 #hashtag2,Sample CTA,Draft,100 engagements
2025-06-26,12:00 PM,Instagram,Post,Sample Theme,Sample caption preview...,Image/Video description,#hashtag1 #hashtag2,Sample CTA,Draft,100 engagements
2025-06-26,12:00 PM,Facebook,Post,Sample Theme,Sample caption preview...,Image/Video description,#hashtag1 #hashtag2,Sample CTA,Draft,100 engagements
2025-06-26,12:00 PM,Twitter,Post,Sample Theme,Sample caption preview...,Image/Video description,#hashtag1 #hashtag2,Sample CTA,Draft,100 engagements
2025-06-26,12:00 PM,Linkedin,Post,Sample Theme,Sample caption preview...,Image/Video description,#hashtag1 #hashtag2,Sample CTA,Draft,100 engagements
2025-06-27,12:00 PM,Instagram,Post,Sample Theme,Sample caption preview...,Image/Video description,#hashtag1 #hashtag2,Sample CTA,Draft,100 engagements
2025-06-27,12:00 PM,Facebook,Post,Sample Theme,Sample caption preview...,Image/Video description,#hashtag1 #hashtag2,Sample CTA,Draft,100 engagements
2025-06-27,12:00 PM,Twitter,Post,Sample Theme,Sample caption preview...,Image/Video description,#hashtag1 #hashtag2,Sample CTA,Draft,100 engagements
2025-06-27,12:00 PM,Linkedin,Post,Sample Theme,Sample caption preview...,Image/Video description,#hashtag1 #hashtag2,Sample CTA,Draft,100 engagements
2025-06-28,12:00 PM,Instagram,Post,Sample Theme,Sample caption preview...,Image/Video description,#hashtag1 #hashtag2,Sample CTA,Draft,100 engagements
2025-06-28,12:00 PM,Facebook,Post,Sample Theme,Sample caption preview...,Image/Video description,#hashtag1 #hashtag2,Sample CTA,Draft,100 engagements
2025-06-28,12:00 PM,Twitter,Post,Sample Theme,Sample caption preview...,Image/Video description,#hashtag1 #hashtag2,Sample CTA,Draft,100 engagements
2025-06-28,12:00 PM,Linkedin,Post,Sample Theme,Sample caption preview...,Image/Video description,#hashtag1 #hashtag2,Sample CTA,Draft,100 engagements
2025-06-29,12:00 PM,Instagram,Post,Sample Theme,Sample caption preview...,Image/Video description,#hashtag1 #hashtag2,Sample CTA,Draft,100 engagements
2025-06-29,12:00 PM,Facebook,Post,Sample Theme,Sample caption preview...,Image/Video description,#hashtag1 #hashtag2,Sample CTA,Draft,100 engagements
2025-06-29,12:00 PM,Twitter,Post,Sample Theme,Sample caption preview...,Image/Video description,#hashtag1 #hashtag2,Sample CTA,Draft,100 engagements
2025-06-29,12:00 PM,Linkedin,Post,Sample Theme,Sample caption preview...,Image/Video description,#hashtag1 #hashtag2,Sample CTA,Draft,100 engagements
2025-06-30,12:00 PM,Instagram,Post,Sample Theme,Sample caption preview...,Image/Video description,#hashtag1 #hashtag2,Sample CTA,Draft,100 engagements
2025-06-30,12:00 PM,Facebook,Post,Sample Theme,Sample caption preview...,Image/Video description,#hashtag1 #hashtag2,Sample CTA,Draft,100 engagements
2025-06-30,12:00 PM,Twitter,Post,Sample Theme,Sample caption preview...,Image/Video description,#hashtag1 #hashtag2,Sample CTA,Draft,100 engagements
2025-06-30,12:00 PM,Linkedin,Post,Sample Theme,Sample caption preview...,Image/Video description,#hashtag1 #hashtag2,Sample CTA,Draft,100 engagements
2025-07-01,12:00 PM,Instagram,Post,Sample Theme,Sample caption preview...,Image/Video description,#hashtag1 #hashtag2,Sample CTA,Draft,100 engagements
2025-07-01,12:00 PM,Facebook,Post,Sample Theme,Sample caption preview...,Image/Video description,#hashtag1 #hashtag2,Sample CTA,Draft,100 engagements
2025-07-01,12:00 PM,Twitter,Post,Sample Theme,Sample caption preview...,Image/Video description,#hashtag1 #hashtag2,Sample CTA,Draft,100 engagements
2025-07-01,12:00 PM,Linkedin,Post,Sample Theme,Sample caption preview...,Image/Video description,#hashtag1 #hashtag2,Sample CTA,Draft,100 engagements
2025-07-02,12:00 PM,Instagram,Post,Sample Theme,Sample caption preview...,Image/Video description,#hashtag1 #hashtag2,Sample CTA,Draft,100 engagements
2025-07-02,12:00 PM,Facebook,Post,Sample Theme,Sample caption preview...,Image/Video description,#hashtag1 #hashtag2,Sample CTA,Draft,100 engagements
2025-07-02,12:00 PM,Twitter,Post,Sample Theme,Sample caption preview...,Image/Video description,#hashtag1 #hashtag2,Sample CTA,Draft,100 engagements
2025-07-02,12:00 PM,Linkedin,Post,Sample Theme,Sample caption preview...,Image/Video description,#hashtag1 #hashtag2,Sample CTA,Draft,100 engagements
2025-07-03,12:00 PM,Instagram,Post,Sample Theme,Sample caption preview...,Image/Video description,#hashtag1 #hashtag2,Sample CTA,Draft,100 engagements
2025-07-03,12:00 PM,Facebook,Post,Sample Theme,Sample caption preview...,Image/Video description,#hashtag1 #hashtag2,Sample CTA,Draft,100 engagements
2025-07-03,12:00 PM,Twitter,Post,Sample Theme,Sample caption preview...,Image/Video description,#hashtag1 #hashtag2,Sample CTA,Draft,100 engagements
2025-07-03,12:00 PM,Linkedin,Post,Sample Theme,Sample caption preview...,Image/Video description,#hashtag1 #hashtag2,Sample CTA,Draft,100 engagements
2025-07-04,12:00 PM,Instagram,Post,Sample Theme,Sample caption preview...,Image/Video description,#hashtag1 #hashtag2,Sample CTA,Draft,100 engagements
2025-07-04,12:00 PM,Facebook,Post,Sample Theme,Sample caption preview...,Image/Video description,#hashtag1 #hashtag2,Sample CTA,Draft,100 engagements
2025-07-04,12:00 PM,Twitter,Post,Sample Theme,Sample caption preview...,Image/Video description,#hashtag1 #hashtag2,Sample CTA,Draft,100 engagements
2025-07-04,12:00 PM,Linkedin,Post,Sample Theme,Sample caption preview...,Image/Video description,#hashtag1 #hashtag2,Sample CTA,Draft,100 engagements
2025-07-05,12:00 PM,Instagram,Post,Sample Theme,Sample caption preview...,Image/Video description,#hashtag1 #hashtag2,Sample CTA,Draft,100 engagements
2025-07-05,12:00 PM,Facebook,Post,Sample Theme,Sample caption preview...,Image/Video description,#hashtag1 #hashtag2,Sample CTA,Draft,100 engagements
2025-07-05,12:00 PM,Twitter,Post,Sample Theme,Sample caption preview...,Image/Video description,#hashtag1 #hashtag2,Sample CTA,Draft,100 engagements
2025-07-05,12:00 PM,Linkedin,Post,Sample Theme,Sample caption preview...,Image/Video description,#hashtag1 #hashtag2,Sample CTA,Draft,100 engagements
2025-07-06,12:00 PM,Instagram,Post,Sample Theme,Sample caption preview...,Image/Video description,#hashtag1 #hashtag2,Sample CTA,Draft,100 engagements
2025-07-06,12:00 PM,Facebook,Post,Sample Theme,Sample caption preview...,Image/Video description,#hashtag1 #hashtag2,Sample CTA,Draft,100 engagements
2025-07-06,12:00 PM,Twitter,Post,Sample Theme,Sample caption preview...,Image/Video description,#hashtag1 #hashtag2,Sample CTA,Draft,100 engagements
2025-07-06,12:00 PM,Linkedin,Post,Sample Theme,Sample caption preview...,Image/Video description,#hashtag1 #hashtag2,Sample CTA,Draft,100 engagements
2025-07-07,12:00 PM,Instagram,Post,Sample Theme,Sample caption preview...,Image/Video description,#hashtag1 #hashtag2,Sample CTA,Draft,100 engagements
2025-07-07,12:00 PM,Facebook,Post,Sample Theme,Sample caption preview...,Image/Video description,#hashtag1 #hashtag2,Sample CTA,Draft,100 engagements
2025-07-07,12:00 PM,Twitter,Post,Sample Theme,Sample caption preview...,Image/Video description,#hashtag1 #hashtag2,Sample CTA,Draft,100 engagements
2025-07-07,12:00 PM,Linkedin,Post,Sample Theme,Sample caption preview...,Image/Video description,#hashtag1 #hashtag2,Sample CTA,Draft,100 engagements
2025-07-08,12:00 PM,Instagram,Post,Sample Theme,Sample caption preview...,Image/Video description,#hashtag1 #hashtag2,Sample CTA,Draft,100 engagements
2025-07-08,12:00 PM,Facebook,Post,Sample Theme,Sample caption preview...,Image/Video description,#hashtag1 #hashtag2,Sample CTA,Draft,100 engagements
2025-07-08,12:00 PM,Twitter,Post,Sample Theme,Sample caption preview...,Image/Video description,#hashtag1 #hashtag2,Sample CTA,Draft,100 engagements
2025-07-08,12:00 PM,Linkedin,Post,Sample Theme,Sample caption preview...,Image/Video description,#hashtag1 #hashtag2,Sample CTA,Draft,100 engagements
2025-07-09,12:00 PM,Instagram,Post,Sample Theme,Sample caption preview...,Image/Video description,#hashtag1 #hashtag2,Sample CTA,Draft,100 engagements
2025-07-09,12:00 PM,Facebook,Post,Sample Theme,Sample caption preview...,Image/Video description,#hashtag1 #hashtag2,Sample CTA,Draft,100 engagements
2025-07-09,12:00 PM,Twitter,Post,Sample Theme,Sample caption preview...,Image/Video description,#hashtag1 #hashtag2,Sample CTA,Draft,100 engagements
2025-07-09,12:00 PM,Linkedin,Post,Sample Theme,Sample caption preview...,Image/Video description,#hashtag1 #hashtag2,Sample CTA,Draft,100 engagements
2025-07-10,12:00 PM,Instagram,Post,Sample Theme,Sample caption preview...,Image/Video description,#hashtag1 #hashtag2,Sample CTA,Draft,100 engagements
2025-07-10,12:00 PM,Facebook,Post,Sample Theme,Sample caption preview...,Image/Video description,#hashtag1 #hashtag2,Sample CTA,Draft,100 engagements
2025-07-10,12:00 PM,Twitter,Post,Sample Theme,Sample caption preview...,Image/Video description,#hashtag1 #hashtag2,Sample CTA,Draft,100 engagements
2025-07-10,12:00 PM,Linkedin,Post,Sample Theme,Sample caption preview...,Image/Video description,#hashtag1 #hashtag2,Sample CTA,Draft,100 engagements
2025-07-11,12:00 PM,Instagram,Post,Sample Theme,Sample caption preview...,Image/Video description,#hashtag1 #hashtag2,Sample CTA,Draft,100 engagements
2025-07-11,12:00 PM,Facebook,Post,Sample Theme,Sample caption preview...,Image/Video description,#hashtag1 #hashtag2,Sample CTA,Draft,100 engagements
2025-07-11,12:00 PM,Twitter,Post,Sample Theme,Sample caption preview...,Image/Video description,#hashtag1 #hashtag2,Sample CTA,Draft,100 engagements
2025-07-11,12:00 PM,Linkedin,Post,Sample Theme,Sample caption preview...,Image/Video description,#hashtag1 #hashtag2,Sample CTA,Draft,100 engagements
2025-07-12,12:00 PM,Instagram,Post,Sample Theme,Sample caption preview...,Image/Video description,#hashtag1 #hashtag2,Sample CTA,Draft,100 engagements
2025-07-12,12:00 PM,Facebook,Post,Sample Theme,Sample caption preview...,Image/Video description,#hashtag1 #hashtag2,Sample CTA,Draft,100 engagements
2025-07-12,12:00 PM,Twitter,Post,Sample Theme,Sample caption preview...,Image/Video description,#hashtag1 #hashtag2,Sample CTA,Draft,100 engagements
2025-07-12,12:00 PM,Linkedin,Post,Sample Theme,Sample caption preview...,Image/Video description,#hashtag1 #hashtag2,Sample CTA,Draft,100 engagements
2025-07-13,12:00 PM,Instagram,Post,Sample Theme,Sample caption preview...,Image/Video description,#hashtag1 #hashtag2,Sample CTA,Draft,100 engagements
2025-07-13,12:00 PM,Facebook,Post,Sample Theme,Sample caption preview...,Image/Video description,#hashtag1 #hashtag2,Sample CTA,Draft,100 engagements
2025-07-13,12:00 PM,Twitter,Post,Sample Theme,Sample caption preview...,Image/Video description,#hashtag1 #hashtag2,Sample CTA,Draft,100 engagements
2025-07-13,12:00 PM,Linkedin,Post,Sample Theme,Sample caption preview...,Image/Video description,#hashtag1 #hashtag2,Sample CTA,Draft,100 engagements
2025-07-14,12:00 PM,Instagram,Post,Sample Theme,Sample caption preview...,Image/Video description,#hashtag1 #hashtag2,Sample CTA,Draft,100 engagements
2025-07-14,12:00 PM,Facebook,Post,Sample Theme,Sample caption preview...,Image/Video description,#hashtag1 #hashtag2,Sample CTA,Draft,100 engagements
2025-07-14,12:00 PM,Twitter,Post,Sample Theme,Sample caption preview...,Image/Video description,#hashtag1 #hashtag2,Sample CTA,Draft,100 engagements
2025-07-14,12:00 PM,Linkedin,Post,Sample Theme,Sample caption preview...,Image/Video description,#hashtag1 #hashtag2,Sample CTA,Draft,100 engagements
